modRxBuffer[0], 31,
modRxBuffer[1], 31,
modRxBuffer[2], 31,
modRxBuffer[3], 19,
modRxBuffer[4], 15,
modRxBuffer[5], 15,
modRxBuffer[6], 15,
modRxBuffer[7], 27,
modRxBuffer[8], 31,
modRxBuffer[9], 31,
modRxBuffer[10], 31,
modRxBuffer[11], 12,
modRxBuffer[12], 15,
modRxBuffer[13], 15,
modRxBuffer[14], 15,
modRxBuffer[15], 31,
modRxBuffer[16], 31,
modRxBuffer[17], 31,
modRxBuffer[18], 31,
modRxBuffer[19], 14,
modRxBuffer[20], 15,
modRxBuffer[21], 15,
modRxBuffer[22], 15,
modRxBuffer[23], 31,
modRxBuffer[24], 28,
modRxBuffer[25], 31,
modRxBuffer[26], 19,
modRxBuffer[27], 15,
modRxBuffer[28], 15,
modRxBuffer[29], 15,
modRxBuffer[30], 27,
modRxBuffer[31], 31,
modRxBuffer[32], 28,
modRxBuffer[33], 31,
modRxBuffer[34], 12,
modRxBuffer[35], 15,
modRxBuffer[36], 15,
modRxBuffer[37], 14,
modRxBuffer[38], 31,
modRxBuffer[39], 31,
modRxBuffer[40], 31,
modRxBuffer[41], 31,
modRxBuffer[42], 14,
modRxBuffer[43], 15,
modRxBuffer[44], 15,
modRxBuffer[45], 15,
modRxBuffer[46], 31,
modRxBuffer[47], 31,
modRxBuffer[48], 31,
modRxBuffer[49], 19,
modRxBuffer[50], 15,
modRxBuffer[51], 15,
modRxBuffer[52], 15,
modRxBuffer[53], 27,
modRxBuffer[54], 31,
modRxBuffer[55], 31,
modRxBuffer[56], 31,
modRxBuffer[57], 12,
modRxBuffer[58], 15,
modRxBuffer[59], 15,
modRxBuffer[60], 15,
modRxBuffer[61], 31,
modRxBuffer[62], 31,
modRxBuffer[63], 31,
modRxBuffer[64], 31,
modRxBuffer[65], 31,
modRxBuffer[66], 31,
modRxBuffer[67], 31,
modRxBuffer[68], 14,
modRxBuffer[69], 15,
modRxBuffer[70], 15,
modRxBuffer[71], 15,
modRxBuffer[72], 31,
modRxBuffer[73], 31,
modRxBuffer[74], 31,
modRxBuffer[75], 19,
modRxBuffer[76], 15,
modRxBuffer[77], 15,
modRxBuffer[78], 15,
modRxBuffer[79], 27,
modRxBuffer[80], 31,
modRxBuffer[81], 31,
modRxBuffer[82], 31,
modRxBuffer[83], 12,
modRxBuffer[84], 15,
modRxBuffer[85], 15,
modRxBuffer[86], 15,
modRxBuffer[87], 31,
modRxBuffer[88], 31,
modRxBuffer[89], 31,
modRxBuffer[90], 31,
modRxBuffer[91], 14,
modRxBuffer[92], 15,
modRxBuffer[93], 15,
modRxBuffer[94], 15,
modRxBuffer[95], 31,
modRxBuffer[96], 31,
modRxBuffer[97], 31,
modRxBuffer[98], 19,
modRxBuffer[99], 15,
modRxBuffer[100], 15,
modRxBuffer[101], 15,
modRxBuffer[102], 27,
modRxBuffer[103], 31,
modRxBuffer[104], 31,
modRxBuffer[105], 31,
modRxBuffer[106], 13,
modRxBuffer[107], 15,
modRxBuffer[108], 15,
modRxBuffer[109], 15,
modRxBuffer[110], 31,
modRxBuffer[111], 31,
modRxBuffer[112], 31,
modRxBuffer[113], 31,
modRxBuffer[114], 14,
modRxBuffer[115], 15,
modRxBuffer[116], 15,
modRxBuffer[117], 15,
modRxBuffer[118], 31,
modRxBuffer[119], 31,
modRxBuffer[120], 31,
modRxBuffer[121], 19,
modRxBuffer[122], 15,
modRxBuffer[123], 15,
modRxBuffer[124], 15,
modRxBuffer[125], 27,
modRxBuffer[126], 31,
modRxBuffer[127], 30,
modRxBuffer[128], 31,
modRxBuffer[129], 11,
modRxBuffer[130], 15,
modRxBuffer[131], 15,
modRxBuffer[132], 15,
modRxBuffer[133], 31,
modRxBuffer[134], 31,
modRxBuffer[135], 31,
modRxBuffer[136], 31,
modRxBuffer[137], 14,
modRxBuffer[138], 15,
modRxBuffer[139], 15,
modRxBuffer[140], 15,
modRxBuffer[141], 31,
modRxBuffer[142], 31,
modRxBuffer[143], 31,
modRxBuffer[144], 19,
modRxBuffer[145], 15,
modRxBuffer[146], 15,
modRxBuffer[147], 15,
modRxBuffer[148], 27,
modRxBuffer[149], 31,
modRxBuffer[150], 31,
modRxBuffer[151], 31,
modRxBuffer[152], 12,
modRxBuffer[153], 15,
modRxBuffer[154], 15,
modRxBuffer[155], 15,
modRxBuffer[156], 31,
modRxBuffer[157], 31,
modRxBuffer[158], 31,
modRxBuffer[159], 31,
modRxBuffer[160], 14,
modRxBuffer[161], 15,
modRxBuffer[162], 15,
modRxBuffer[163], 15,
modRxBuffer[164], 31,
modRxBuffer[165], 31,
modRxBuffer[166], 31,
modRxBuffer[167], 19,
modRxBuffer[168], 15,
modRxBuffer[169], 15,
modRxBuffer[170], 15,
modRxBuffer[171], 27,
modRxBuffer[172], 31,
modRxBuffer[173], 31,
modRxBuffer[174], 31,
modRxBuffer[175], 12,
modRxBuffer[176], 15,
modRxBuffer[177], 15,
modRxBuffer[178], 15,
modRxBuffer[179], 31,
modRxBuffer[180], 31,
modRxBuffer[181], 31,
modRxBuffer[182], 31,
modRxBuffer[183], 14,
modRxBuffer[184], 15,
modRxBuffer[185], 15,
modRxBuffer[186], 15,
modRxBuffer[187], 31,
modRxBuffer[188], 31,
modRxBuffer[189], 31,
modRxBuffer[190], 19,
modRxBuffer[191], 15,
modRxBuffer[192], 15,
modRxBuffer[193], 15,
modRxBuffer[194], 27,
modRxBuffer[195], 31,
modRxBuffer[196], 30,
modRxBuffer[197], 31,
modRxBuffer[198], 12,
modRxBuffer[199], 15,
modRxBuffer[200], 15,
modRxBuffer[201], 15,
modRxBuffer[202], 31,
modRxBuffer[203], 31,
modRxBuffer[204], 31,
modRxBuffer[205], 31,
modRxBuffer[206], 14,
modRxBuffer[207], 15,
modRxBuffer[208], 15,
modRxBuffer[209], 15,
modRxBuffer[210], 31,
modRxBuffer[211], 31,
modRxBuffer[212], 31,
modRxBuffer[213], 19,
modRxBuffer[214], 15,
modRxBuffer[215], 15,
modRxBuffer[216], 15,
modRxBuffer[217], 25,
modRxBuffer[218], 31,
modRxBuffer[219], 29,
modRxBuffer[220], 31,
modRxBuffer[221], 12,
modRxBuffer[222], 15,
modRxBuffer[223], 15,
modRxBuffer[224], 15,
modRxBuffer[225], 31,
modRxBuffer[226], 31,
modRxBuffer[227], 31,
modRxBuffer[228], 31,
modRxBuffer[229], 14,
modRxBuffer[230], 15,
modRxBuffer[231], 15,
modRxBuffer[232], 15,
modRxBuffer[233], 31,
modRxBuffer[234], 31,
modRxBuffer[235], 31,
modRxBuffer[236], 19,
modRxBuffer[237], 15,
modRxBuffer[238], 15,
modRxBuffer[239], 15,
modRxBuffer[240], 27,
modRxBuffer[241], 31,
modRxBuffer[242], 30,
modRxBuffer[243], 31,
modRxBuffer[244], 12,
modRxBuffer[245], 15,
modRxBuffer[246], 15,
modRxBuffer[247], 15,
modRxBuffer[248], 31,
modRxBuffer[249], 31,
modRxBuffer[250], 31,
modRxBuffer[251], 31,
modRxBuffer[252], 14,
modRxBuffer[253], 15,
modRxBuffer[254], 15,
modRxBuffer[255], 15,
